{
    "A": {
        "5": {
            "1": 7.9475,
            "2": 5.960625,
            "3": 3.97375,
            "4": 1.986875,
            "5": 0.0
        },
        "6": {
            "1": 7.99,
            "2": 6.392,
            "3": 4.794,
            "4": 3.196,
            "5": 1.598,
            "6": 0.0
        },
        "7": {
            "1": 8.0325,
            "2": 6.69375,
            "3": 5.355,
            "4": 4.01625,
            "5": 2.6775,
            "6": 1.33875,
            "7": 0.0
        },
        "8": {
            "1": 8.075,
            "2": 6.921428571,
            "3": 5.767857143,
            "4": 4.614285714,
            "5": 3.460714286,
            "6": 2.307142857,
            "7": 1.153571429,
            "8": 0.0
        },
        "9": {
            "1": 8.1175,
            "2": 7.1028125,
            "3": 6.088125,
            "4": 5.0734375,
            "5": 4.05875,
            "6": 3.0440625,
            "7": 2.029375,
            "8": 1.0146875,
            "9": 0.0
        },
        "10": {
            "1": 8.16,
            "2": 7.253333333,
            "3": 6.346666667,
            "4": 5.44,
            "5": 4.533333333,
            "6": 3.626666667,
            "7": 2.72,
            "8": 1.813333333,
            "9": 0.9066666667,
            "10": 0.0
        },
        "11": {
            "1": 8.2025,
            "2": 7.38225,
            "3": 6.562,
            "4": 5.74175,
            "5": 4.9215,
            "6": 4.10125,
            "7": 3.281,
            "8": 2.46075,
            "9": 1.6405,
            "10": 0.82025,
            "11": 0.0
        },
        "12": {
            "1": 8.245,
            "2": 7.495454545,
            "3": 6.745909091,
            "4": 5.996363636,
            "5": 5.246818182,
            "6": 4.497272727,
            "7": 3.747727273,
            "8": 2.998181818,
            "9": 2.248636364,
            "10": 1.499090909,
            "11": 0.7495454545,
            "12": 0.0
        },
        "13": {
            "1": 8.2875,
            "2": 7.596875,
            "3": 6.90625,
            "4": 6.215625,
            "5": 5.525,
            "6": 4.834375,
            "7": 4.14375,
            "8": 3.453125,
            "9": 2.7625,
            "10": 2.071875,
            "11": 1.38125,
            "12": 0.690625,
            "13": 0.0
        },
        "14": {
            "1": 8.33,
            "2": 7.689230769,
            "3": 7.048461538,
            "4": 6.407692308,
            "5": 5.766923077,
            "6": 5.126153846,
            "7": 4.485384615,
            "8": 3.844615385,
            "9": 3.203846154,
            "10": 2.563076923,
            "11": 1.922307692,
            "12": 1.281538462,
            "13": 0.6407692308,
            "14": 0.0
        },
        "15": {
            "1": 8.3725,
            "2": 7.774464286,
            "3": 7.176428571,
            "4": 6.578392857,
            "5": 5.980357143,
            "6": 5.382321429,
            "7": 4.784285714,
            "8": 4.18625,
            "9": 3.588214286,
            "10": 2.990178571,
            "11": 2.392142857,
            "12": 1.794107143,
            "13": 1.196071429,
            "14": 0.5980357143,
            "15": 0.0
        },
        "16": {
            "1": 8.415,
            "2": 7.854,
            "3": 7.293,
            "4": 6.732,
            "5": 6.171,
            "6": 5.61,
            "7": 5.049,
            "8": 4.488,
            "9": 3.927,
            "10": 3.366,
            "11": 2.805,
            "12": 2.244,
            "13": 1.683,
            "14": 1.122,
            "15": 0.561,
            "16": 0.0
        },
        "17": {
            "1": 8.4575,
            "2": 7.92890625,
            "3": 7.4003125,
            "4": 6.87171875,
            "5": 6.343125,
            "6": 5.81453125,
            "7": 5.2859375,
            "8": 4.75734375,
            "9": 4.22875,
            "10": 3.70015625,
            "11": 3.1715625,
            "12": 2.64296875,
            "13": 2.114375,
            "14": 1.58578125,
            "15": 1.0571875,
            "16": 0.52859375,
            "17": 0.0
        },
        "18": {
            "1": 8.5,
            "2": 8.0,
            "3": 7.5,
            "4": 7.0,
            "5": 6.5,
            "6": 6.0,
            "7": 5.5,
            "8": 5.0,
            "9": 4.5,
            "10": 4.0,
            "11": 3.5,
            "12": 3.0,
            "13": 2.5,
            "14": 2.0,
            "15": 1.5,
            "16": 1.0,
            "17": 0.5,
            "18": 0.0
        }
    },
    "B": {
        "5": {
            "1": 6.545,
            "2": 4.90875,
            "3": 3.2725,
            "4": 1.63625,
            "5": 0.0
        },
        "6": {
            "1": 6.58,
            "2": 5.264,
            "3": 3.948,
            "4": 2.632,
            "5": 1.316,
            "6": 0.0
        },
        "7": {
            "1": 6.615,
            "2": 5.5125,
            "3": 4.41,
            "4": 3.3075,
            "5": 2.205,
            "6": 1.1025,
            "7": 0.0
        },
        "8": {
            "1": 6.65,
            "2": 5.7,
            "3": 4.75,
            "4": 3.8,
            "5": 2.85,
            "6": 1.9,
            "7": 0.95,
            "8": 0.0
        },
        "9": {
            "1": 6.685,
            "2": 5.849375,
            "3": 5.01375,
            "4": 4.178125,
            "5": 3.3425,
            "6": 2.506875,
            "7": 1.67125,
            "8": 0.835625,
            "9": 0.0
        },
        "10": {
            "1": 6.72,
            "2": 5.973333333,
            "3": 5.226666667,
            "4": 4.48,
            "5": 3.733333333,
            "6": 2.986666667,
            "7": 2.24,
            "8": 1.493333333,
            "9": 0.7466666667,
            "10": 0.0
        },
        "11": {
            "1": 6.755,
            "2": 6.0795,
            "3": 5.404,
            "4": 4.7285,
            "5": 4.053,
            "6": 3.3775,
            "7": 2.702,
            "8": 2.0265,
            "9": 1.351,
            "10": 0.6755,
            "11": 0.0
        },
        "12": {
            "1": 6.79,
            "2": 6.172727273,
            "3": 5.555454545,
            "4": 4.938181818,
            "5": 4.320909091,
            "6": 3.703636364,
            "7": 3.086363636,
            "8": 2.469090909,
            "9": 1.851818182,
            "10": 1.234545455,
            "11": 0.6172727273,
            "12": 0.0
        },
        "13": {
            "1": 6.825,
            "2": 6.25625,
            "3": 5.6875,
            "4": 5.11875,
            "5": 4.55,
            "6": 3.98125,
            "7": 3.4125,
            "8": 2.84375,
            "9": 2.275,
            "10": 1.70625,
            "11": 1.1375,
            "12": 0.56875,
            "13": 0.0
        },
        "14": {
            "1": 6.86,
            "2": 6.332307692,
            "3": 5.804615385,
            "4": 5.276923077,
            "5": 4.749230769,
            "6": 4.221538462,
            "7": 3.693846154,
            "8": 3.166153846,
            "9": 2.638461538,
            "10": 2.110769231,
            "11": 1.583076923,
            "12": 1.055384615,
            "13": 0.5276923077,
            "14": 0.0
        },
        "15": {
            "1": 6.895,
            "2": 6.4025,
            "3": 5.91,
            "4": 5.4175,
            "5": 4.925,
            "6": 4.4325,
            "7": 3.94,
            "8": 3.4475,
            "9": 2.955,
            "10": 2.4625,
            "11": 1.97,
            "12": 1.4775,
            "13": 0.985,
            "14": 0.4925,
            "15": 0.0
        },
        "16": {
            "1": 6.93,
            "2": 6.468,
            "3": 6.006,
            "4": 5.544,
            "5": 5.082,
            "6": 4.62,
            "7": 4.158,
            "8": 3.696,